--
-- PostgreSQL database dump
--

\restrict jTUaPAdsuWutGMG38AFs3a7tgs0i1vyxPLHP3zoqY1KAAC3yeAOP8zwUNr5t0em

-- Dumped from database version 15.17
-- Dumped by pg_dump version 15.17

SET statement_timeout = 0;
SET lock_timeout = 0;
SET idle_in_transaction_session_timeout = 0;
SET client_encoding = 'UTF8';
SET standard_conforming_strings = on;
SELECT pg_catalog.set_config('search_path', '', false);
SET check_function_bodies = false;
SET xmloption = content;
SET client_min_messages = warning;
SET row_security = off;

SET default_tablespace = '';

SET default_table_access_method = heap;

--
-- Name: accounts_passwordresettoken; Type: TABLE; Schema: public; Owner: admin
--

CREATE TABLE public.accounts_passwordresettoken (
    id bigint NOT NULL,
    token character varying(100) NOT NULL,
    created_at timestamp with time zone NOT NULL,
    used boolean NOT NULL,
    user_id bigint NOT NULL
);


ALTER TABLE public.accounts_passwordresettoken OWNER TO admin;

--
-- Name: accounts_passwordresettoken_id_seq; Type: SEQUENCE; Schema: public; Owner: admin
--

ALTER TABLE public.accounts_passwordresettoken ALTER COLUMN id ADD GENERATED BY DEFAULT AS IDENTITY (
    SEQUENCE NAME public.accounts_passwordresettoken_id_seq
    START WITH 1
    INCREMENT BY 1
    NO MINVALUE
    NO MAXVALUE
    CACHE 1
);


--
-- Name: accounts_user; Type: TABLE; Schema: public; Owner: admin
--

CREATE TABLE public.accounts_user (
    id bigint NOT NULL,
    password character varying(128) NOT NULL,
    last_login timestamp with time zone,
    is_superuser boolean NOT NULL,
    username character varying(150) NOT NULL,
    first_name character varying(150) NOT NULL,
    last_name character varying(150) NOT NULL,
    email character varying(254) NOT NULL,
    is_staff boolean NOT NULL,
    is_active boolean NOT NULL,
    date_joined timestamp with time zone NOT NULL,
    funcao character varying(20) NOT NULL,
    telefone character varying(20),
    setor character varying(100),
    ramal character varying(10)
);


ALTER TABLE public.accounts_user OWNER TO admin;

--
-- Name: accounts_user_groups; Type: TABLE; Schema: public; Owner: admin
--

CREATE TABLE public.accounts_user_groups (
    id bigint NOT NULL,
    user_id bigint NOT NULL,
    group_id integer NOT NULL
);


ALTER TABLE public.accounts_user_groups OWNER TO admin;

--
-- Name: accounts_user_groups_id_seq; Type: SEQUENCE; Schema: public; Owner: admin
--

ALTER TABLE public.accounts_user_groups ALTER COLUMN id ADD GENERATED BY DEFAULT AS IDENTITY (
    SEQUENCE NAME public.accounts_user_groups_id_seq
    START WITH 1
    INCREMENT BY 1
    NO MINVALUE
    NO MAXVALUE
    CACHE 1
);


--
-- Name: accounts_user_id_seq; Type: SEQUENCE; Schema: public; Owner: admin
--

ALTER TABLE public.accounts_user ALTER COLUMN id ADD GENERATED BY DEFAULT AS IDENTITY (
    SEQUENCE NAME public.accounts_user_id_seq
    START WITH 1
    INCREMENT BY 1
    NO MINVALUE
    NO MAXVALUE
    CACHE 1
);


--
-- Name: accounts_user_user_permissions; Type: TABLE; Schema: public; Owner: admin
--

CREATE TABLE public.accounts_user_user_permissions (
    id bigint NOT NULL,
    user_id bigint NOT NULL,
    permission_id integer NOT NULL
);


ALTER TABLE public.accounts_user_user_permissions OWNER TO admin;

--
-- Name: accounts_user_user_permissions_id_seq; Type: SEQUENCE; Schema: public; Owner: admin
--

ALTER TABLE public.accounts_user_user_permissions ALTER COLUMN id ADD GENERATED BY DEFAULT AS IDENTITY (
    SEQUENCE NAME public.accounts_user_user_permissions_id_seq
    START WITH 1
    INCREMENT BY 1
    NO MINVALUE
    NO MAXVALUE
    CACHE 1
);


--
-- Name: auth_group; Type: TABLE; Schema: public; Owner: admin
--

CREATE TABLE public.auth_group (
    id integer NOT NULL,
    name character varying(150) NOT NULL
);


ALTER TABLE public.auth_group OWNER TO admin;

--
-- Name: auth_group_id_seq; Type: SEQUENCE; Schema: public; Owner: admin
--

ALTER TABLE public.auth_group ALTER COLUMN id ADD GENERATED BY DEFAULT AS IDENTITY (
    SEQUENCE NAME public.auth_group_id_seq
    START WITH 1
    INCREMENT BY 1
    NO MINVALUE
    NO MAXVALUE
    CACHE 1
);


--
-- Name: auth_group_permissions; Type: TABLE; Schema: public; Owner: admin
--

CREATE TABLE public.auth_group_permissions (
    id bigint NOT NULL,
    group_id integer NOT NULL,
    permission_id integer NOT NULL
);


ALTER TABLE public.auth_group_permissions OWNER TO admin;

--
-- Name: auth_group_permissions_id_seq; Type: SEQUENCE; Schema: public; Owner: admin
--

ALTER TABLE public.auth_group_permissions ALTER COLUMN id ADD GENERATED BY DEFAULT AS IDENTITY (
    SEQUENCE NAME public.auth_group_permissions_id_seq
    START WITH 1
    INCREMENT BY 1
    NO MINVALUE
    NO MAXVALUE
    CACHE 1
);


--
-- Name: auth_permission; Type: TABLE; Schema: public; Owner: admin
--

CREATE TABLE public.auth_permission (
    id integer NOT NULL,
    name character varying(255) NOT NULL,
    content_type_id integer NOT NULL,
    codename character varying(100) NOT NULL
);


ALTER TABLE public.auth_permission OWNER TO admin;

--
-- Name: auth_permission_id_seq; Type: SEQUENCE; Schema: public; Owner: admin
--

ALTER TABLE public.auth_permission ALTER COLUMN id ADD GENERATED BY DEFAULT AS IDENTITY (
    SEQUENCE NAME public.auth_permission_id_seq
    START WITH 1
    INCREMENT BY 1
    NO MINVALUE
    NO MAXVALUE
    CACHE 1
);


--
-- Name: django_admin_log; Type: TABLE; Schema: public; Owner: admin
--

CREATE TABLE public.django_admin_log (
    id integer NOT NULL,
    action_time timestamp with time zone NOT NULL,
    object_id text,
    object_repr character varying(200) NOT NULL,
    action_flag smallint NOT NULL,
    change_message text NOT NULL,
    content_type_id integer,
    user_id bigint NOT NULL,
    CONSTRAINT django_admin_log_action_flag_check CHECK ((action_flag >= 0))
);


ALTER TABLE public.django_admin_log OWNER TO admin;

--
-- Name: django_admin_log_id_seq; Type: SEQUENCE; Schema: public; Owner: admin
--

ALTER TABLE public.django_admin_log ALTER COLUMN id ADD GENERATED BY DEFAULT AS IDENTITY (
    SEQUENCE NAME public.django_admin_log_id_seq
    START WITH 1
    INCREMENT BY 1
    NO MINVALUE
    NO MAXVALUE
    CACHE 1
);


--
-- Name: django_content_type; Type: TABLE; Schema: public; Owner: admin
--

CREATE TABLE public.django_content_type (
    id integer NOT NULL,
    app_label character varying(100) NOT NULL,
    model character varying(100) NOT NULL
);


ALTER TABLE public.django_content_type OWNER TO admin;

--
-- Name: django_content_type_id_seq; Type: SEQUENCE; Schema: public; Owner: admin
--

ALTER TABLE public.django_content_type ALTER COLUMN id ADD GENERATED BY DEFAULT AS IDENTITY (
    SEQUENCE NAME public.django_content_type_id_seq
    START WITH 1
    INCREMENT BY 1
    NO MINVALUE
    NO MAXVALUE
    CACHE 1
);


--
-- Name: django_migrations; Type: TABLE; Schema: public; Owner: admin
--

CREATE TABLE public.django_migrations (
    id bigint NOT NULL,
    app character varying(255) NOT NULL,
    name character varying(255) NOT NULL,
    applied timestamp with time zone NOT NULL
);


ALTER TABLE public.django_migrations OWNER TO admin;

--
-- Name: django_migrations_id_seq; Type: SEQUENCE; Schema: public; Owner: admin
--

ALTER TABLE public.django_migrations ALTER COLUMN id ADD GENERATED BY DEFAULT AS IDENTITY (
    SEQUENCE NAME public.django_migrations_id_seq
    START WITH 1
    INCREMENT BY 1
    NO MINVALUE
    NO MAXVALUE
    CACHE 1
);


--
-- Name: django_session; Type: TABLE; Schema: public; Owner: admin
--

CREATE TABLE public.django_session (
    session_key character varying(40) NOT NULL,
    session_data text NOT NULL,
    expire_date timestamp with time zone NOT NULL
);


ALTER TABLE public.django_session OWNER TO admin;

--
-- Name: equipamentos_equipamento; Type: TABLE; Schema: public; Owner: admin
--

CREATE TABLE public.equipamentos_equipamento (
    id bigint NOT NULL,
    patrimonio character varying(20) NOT NULL,
    tipo character varying(20) NOT NULL,
    cpu character varying(200),
    memoria character varying(100),
    placa_mae character varying(200),
    espaco_hd character varying(100),
    modelo character varying(200),
    fabricante character varying(200),
    numero_serie character varying(100),
    observacoes text,
    criado_em timestamp with time zone NOT NULL,
    atualizado_em timestamp with time zone NOT NULL,
    criado_por_id bigint,
    responsavel_id bigint
);


ALTER TABLE public.equipamentos_equipamento OWNER TO admin;

--
-- Name: equipamentos_equipamento_id_seq; Type: SEQUENCE; Schema: public; Owner: admin
--

ALTER TABLE public.equipamentos_equipamento ALTER COLUMN id ADD GENERATED BY DEFAULT AS IDENTITY (
    SEQUENCE NAME public.equipamentos_equipamento_id_seq
    START WITH 1
    INCREMENT BY 1
    NO MINVALUE
    NO MAXVALUE
    CACHE 1
);


--
-- Name: notificacoes_notificacao; Type: TABLE; Schema: public; Owner: admin
--

CREATE TABLE public.notificacoes_notificacao (
    id bigint NOT NULL,
    tipo character varying(20) NOT NULL,
    titulo character varying(200) NOT NULL,
    mensagem text NOT NULL,
    chamado_id integer,
    lida boolean NOT NULL,
    criado_em timestamp with time zone NOT NULL,
    usuario_id bigint NOT NULL
);


ALTER TABLE public.notificacoes_notificacao OWNER TO admin;

--
-- Name: notificacoes_notificacao_id_seq; Type: SEQUENCE; Schema: public; Owner: admin
--

ALTER TABLE public.notificacoes_notificacao ALTER COLUMN id ADD GENERATED BY DEFAULT AS IDENTITY (
    SEQUENCE NAME public.notificacoes_notificacao_id_seq
    START WITH 1
    INCREMENT BY 1
    NO MINVALUE
    NO MAXVALUE
    CACHE 1
);


--
-- Name: tickets_anexo; Type: TABLE; Schema: public; Owner: admin
--

CREATE TABLE public.tickets_anexo (
    id bigint NOT NULL,
    arquivo character varying(100) NOT NULL,
    nome character varying(255) NOT NULL,
    criado_em timestamp with time zone NOT NULL,
    chamado_id bigint NOT NULL,
    enviado_por_id bigint NOT NULL
);


ALTER TABLE public.tickets_anexo OWNER TO admin;

--
-- Name: tickets_anexo_id_seq; Type: SEQUENCE; Schema: public; Owner: admin
--

ALTER TABLE public.tickets_anexo ALTER COLUMN id ADD GENERATED BY DEFAULT AS IDENTITY (
    SEQUENCE NAME public.tickets_anexo_id_seq
    START WITH 1
    INCREMENT BY 1
    NO MINVALUE
    NO MAXVALUE
    CACHE 1
);


--
-- Name: tickets_chamado; Type: TABLE; Schema: public; Owner: admin
--

CREATE TABLE public.tickets_chamado (
    id bigint NOT NULL,
    titulo character varying(200) NOT NULL,
    descricao text NOT NULL,
    prioridade character varying(10) NOT NULL,
    status character varying(20) NOT NULL,
    criado_em timestamp with time zone NOT NULL,
    atualizado_em timestamp with time zone NOT NULL,
    solicitante_id bigint NOT NULL,
    tecnico_id bigint,
    resolvido_em timestamp with time zone,
    resolvido_por_id bigint,
    solucao text,
    equipamento_id bigint NOT NULL
);


ALTER TABLE public.tickets_chamado OWNER TO admin;

--
-- Name: tickets_chamado_id_seq; Type: SEQUENCE; Schema: public; Owner: admin
--

ALTER TABLE public.tickets_chamado ALTER COLUMN id ADD GENERATED BY DEFAULT AS IDENTITY (
    SEQUENCE NAME public.tickets_chamado_id_seq
    START WITH 1
    INCREMENT BY 1
    NO MINVALUE
    NO MAXVALUE
    CACHE 1
);


--
-- Name: tickets_comentario; Type: TABLE; Schema: public; Owner: admin
--

CREATE TABLE public.tickets_comentario (
    id bigint NOT NULL,
    texto text NOT NULL,
    criado_em timestamp with time zone NOT NULL,
    autor_id bigint NOT NULL,
    chamado_id bigint NOT NULL,
    is_sistema boolean NOT NULL
);


ALTER TABLE public.tickets_comentario OWNER TO admin;

--
-- Name: tickets_comentario_id_seq; Type: SEQUENCE; Schema: public; Owner: admin
--

ALTER TABLE public.tickets_comentario ALTER COLUMN id ADD GENERATED BY DEFAULT AS IDENTITY (
    SEQUENCE NAME public.tickets_comentario_id_seq
    START WITH 1
    INCREMENT BY 1
    NO MINVALUE
    NO MAXVALUE
    CACHE 1
);


--
-- Data for Name: accounts_passwordresettoken; Type: TABLE DATA; Schema: public; Owner: admin
--

COPY public.accounts_passwordresettoken (id, token, created_at, used, user_id) FROM stdin;
1	f05df6fd-29f0-4cad-ad4f-3d075f202683	2026-05-07 17:03:38.413751+00	f	8
2	dcd50ce3-28aa-458c-9d98-1023731bda36	2026-05-07 17:05:29.736176+00	f	8
3	239e3d66-c052-47c0-a5bd-0223a5fd4391	2026-05-07 17:13:33.071243+00	f	2
4	0bd355d5-e5e9-4a5a-85e4-2df0e142680d	2026-05-07 17:14:18.2823+00	f	8
5	84dc3578-1bc0-4310-842c-4cc35ca09870	2026-05-07 17:17:41.320547+00	f	8
6	a660fcb3-b15b-4532-811e-7a4c935d4ffe	2026-05-07 17:18:44.399163+00	t	2
7	18e1fe89-91e3-4fe1-9ba3-03ed8ff2b02b	2026-05-11 16:34:49.661938+00	f	6
8	772249de-2488-4438-84ad-9017178816e7	2026-05-11 16:56:21.653559+00	f	6
9	615238ac-1db1-40d3-93ec-3cd2b1fad657	2026-05-11 17:07:52.833271+00	f	2
10	372655c0-fd27-4268-a5ce-1d5242ed47cd	2026-05-11 17:08:12.680182+00	f	2
11	2f6a6fce-f999-4790-9fc5-7c0df25c6c68	2026-05-11 17:09:51.567493+00	f	2
12	a8b57980-2efd-4814-a6c8-784245ad22b9	2026-05-11 17:10:02.626065+00	f	2
14	5e6945f8-8d77-4462-8f51-1359358c105e	2026-05-11 17:15:54.787775+00	f	2
13	6a24c80e-901b-4769-8368-f340f05632df	2026-05-11 17:10:34.606404+00	t	2
15	063a7e2b-7960-48e1-ab14-21e749a03b0d	2026-05-11 18:26:14.411598+00	f	2
16	4e6a6ffa-736b-4e3e-b61f-8f4894c9fd71	2026-05-13 18:18:29.688514+00	f	2
17	05b2e489-1475-4e10-922c-71488c500d3e	2026-05-13 18:29:31.9214+00	f	2
18	968f9b7e-2e86-45e5-a7d9-e7c1d30e1f70	2026-05-13 19:14:02.689277+00	f	2
19	c8f187dd-17c6-4f02-aeac-a26a589f2c60	2026-05-13 19:14:09.616364+00	f	2
20	66bdf48e-b5c8-477d-941e-df9baed91a21	2026-05-14 15:27:39.111173+00	f	2
\.


--
-- Data for Name: accounts_user; Type: TABLE DATA; Schema: public; Owner: admin
--

COPY public.accounts_user (id, password, last_login, is_superuser, username, first_name, last_name, email, is_staff, is_active, date_joined, funcao, telefone, setor, ramal) FROM stdin;
3	pbkdf2_sha256$1000000$czgANjB4Wf9lJ6EhC7SvGA$HlrjL08w6sYu+gqzZS40A5jhtHw4cX3KFzPuHdkc1S0=	\N	t	admin1			oi@oi.com	t	t	2026-05-04 11:14:31.726015+00	USUARIO	\N	\N	\N
4	pbkdf2_sha256$1000000$XLltqGmJKNweJKrMErMa39$rXu7Q9hH+nAoB20w8pFOHvxIknOBFW3cWsKfQDLR8mY=	\N	t	alex			oi@oi.com	t	t	2026-05-04 12:22:34.215954+00	USUARIO	\N	\N	\N
5	pbkdf2_sha256$1000000$AnwWCVsjncKlHPdkR66oJL$OR4VlKzcL9z+IjskyVwb6hYlSoU3IJkPTz2GkFkMg+8=	\N	t	admin2			oi@oi.com	t	t	2026-05-04 13:14:09.168192+00	USUARIO	\N	\N	\N
7	pbkdf2_sha256$1000000$LvccWnxF64EAkuB0JGt4KA$iZ3lSi3796MBTS1ztVHekVjOVsBod4dRLn2Pn2Zgsc8=	\N	f	tecnico	Carlos	Tecnico	tecnico@ti.com	f	t	2026-05-05 14:59:16.574232+00	TECNICO	\N	\N	\N
8	pbkdf2_sha256$1000000$a1OXx1m0hQ9ldEZmvjldNf$Y3l4fT6OoTpuRObb35ZFsvxeXNmxR8YcjyRDSLxoBJk=	\N	f	teste	Usuário	Teste	teste@teste.com	f	t	2026-05-07 17:02:37.748647+00	USUARIO	\N	\N	\N
6	pbkdf2_sha256$1000000$xaXVhsVbwKueLMLo4b4z5P$4JPntf4a8+Ec+qv9GphWYxCNGNH62Ew+FMI5o+b03po=	\N	f	Alexsandro	alexsandro	Menezes	gimme1984@gmail.com	f	t	2026-05-05 14:43:19.720458+00	USUARIO			
1	pbkdf2_sha256$1000000$4ZsjWWYd1PUl6G5ayWkp7s$zhelkMTqwv9SyekjXMoG1M0GHVXcciB45q3DL152lKA=	\N	t	admi			gimme9842@gmail.com	t	t	2026-04-30 18:16:21.696348+00	USUARIO	\N		
9	pbkdf2_sha256$1000000$vpar0Ij2Ul6ACYncAL2vQQ$gUIl7T4Mq+O9IsNrfHhPr8UQKeFAlY7SkoSTiZArwaQ=	\N	f	amanda	Amanda	fransoso	abc@oi.com	f	t	2026-05-12 13:09:29.751512+00	USUARIO	\N	adm	
2	pbkdf2_sha256$1000000$qCkZOsMljo2PZYKDDEBsRq$mhHy+406SKAw2pBbN6t5ng7c8JUychxB0iZ/YjecZB4=	2026-04-30 18:22:35.706865+00	t	admin			gimme984@gmail.com	t	t	2026-04-30 18:22:22.661813+00	ADMIN_TI	\N	\N	\N
10	pbkdf2_sha256$1000000$n4s8Fue4x6ufYeLrtLoE07$goWpLOJCjvk00uPg8eqi5cXJWL/d8dq2UJEZGCNJBFI=	\N	t	Alex			gimme984@gmail.com	t	t	2026-05-18 15:10:15.869655+00	USUARIO	\N	\N	\N
\.


--
-- Data for Name: accounts_user_groups; Type: TABLE DATA; Schema: public; Owner: admin
--

COPY public.accounts_user_groups (id, user_id, group_id) FROM stdin;
\.


--
-- Data for Name: accounts_user_user_permissions; Type: TABLE DATA; Schema: public; Owner: admin
--

COPY public.accounts_user_user_permissions (id, user_id, permission_id) FROM stdin;
\.


--
-- Data for Name: auth_group; Type: TABLE DATA; Schema: public; Owner: admin
--

COPY public.auth_group (id, name) FROM stdin;
\.


--
-- Data for Name: auth_group_permissions; Type: TABLE DATA; Schema: public; Owner: admin
--

COPY public.auth_group_permissions (id, group_id, permission_id) FROM stdin;
\.


--
-- Data for Name: auth_permission; Type: TABLE DATA; Schema: public; Owner: admin
--

COPY public.auth_permission (id, name, content_type_id, codename) FROM stdin;
1	Can add log entry	1	add_logentry
2	Can change log entry	1	change_logentry
3	Can delete log entry	1	delete_logentry
4	Can view log entry	1	view_logentry
5	Can add permission	2	add_permission
6	Can change permission	2	change_permission
7	Can delete permission	2	delete_permission
8	Can view permission	2	view_permission
9	Can add group	3	add_group
10	Can change group	3	change_group
11	Can delete group	3	delete_group
12	Can view group	3	view_group
13	Can add content type	4	add_contenttype
14	Can change content type	4	change_contenttype
15	Can delete content type	4	delete_contenttype
16	Can view content type	4	view_contenttype
17	Can add session	5	add_session
18	Can change session	5	change_session
19	Can delete session	5	delete_session
20	Can view session	5	view_session
21	Can add user	6	add_user
22	Can change user	6	change_user
23	Can delete user	6	delete_user
24	Can view user	6	view_user
25	Can add chamado	7	add_chamado
26	Can change chamado	7	change_chamado
27	Can delete chamado	7	delete_chamado
28	Can view chamado	7	view_chamado
29	Can add comentario	8	add_comentario
30	Can change comentario	8	change_comentario
31	Can delete comentario	8	delete_comentario
32	Can view comentario	8	view_comentario
33	Can add anexo	9	add_anexo
34	Can change anexo	9	change_anexo
35	Can delete anexo	9	delete_anexo
36	Can view anexo	9	view_anexo
37	Can add equipamento	10	add_equipamento
38	Can change equipamento	10	change_equipamento
39	Can delete equipamento	10	delete_equipamento
40	Can view equipamento	10	view_equipamento
41	Can add password reset token	11	add_passwordresettoken
42	Can change password reset token	11	change_passwordresettoken
43	Can delete password reset token	11	delete_passwordresettoken
44	Can view password reset token	11	view_passwordresettoken
45	Can add notificacao	12	add_notificacao
46	Can change notificacao	12	change_notificacao
47	Can delete notificacao	12	delete_notificacao
48	Can view notificacao	12	view_notificacao
\.


--
-- Data for Name: django_admin_log; Type: TABLE DATA; Schema: public; Owner: admin
--

COPY public.django_admin_log (id, action_time, object_id, object_repr, action_flag, change_message, content_type_id, user_id) FROM stdin;
\.


--
-- Data for Name: django_content_type; Type: TABLE DATA; Schema: public; Owner: admin
--

COPY public.django_content_type (id, app_label, model) FROM stdin;
1	admin	logentry
2	auth	permission
3	auth	group
4	contenttypes	contenttype
5	sessions	session
6	accounts	user
7	tickets	chamado
8	tickets	comentario
9	tickets	anexo
10	equipamentos	equipamento
11	accounts	passwordresettoken
12	notificacoes	notificacao
\.


--
-- Data for Name: django_migrations; Type: TABLE DATA; Schema: public; Owner: admin
--

COPY public.django_migrations (id, app, name, applied) FROM stdin;
1	contenttypes	0001_initial	2026-04-30 18:15:44.043864+00
2	contenttypes	0002_remove_content_type_name	2026-04-30 18:15:44.053039+00
3	auth	0001_initial	2026-04-30 18:15:44.13109+00
4	auth	0002_alter_permission_name_max_length	2026-04-30 18:15:44.137699+00
5	auth	0003_alter_user_email_max_length	2026-04-30 18:15:44.146391+00
6	auth	0004_alter_user_username_opts	2026-04-30 18:15:44.171645+00
7	auth	0005_alter_user_last_login_null	2026-04-30 18:15:44.178812+00
8	auth	0006_require_contenttypes_0002	2026-04-30 18:15:44.182739+00
9	auth	0007_alter_validators_add_error_messages	2026-04-30 18:15:44.189889+00
10	auth	0008_alter_user_username_max_length	2026-04-30 18:15:44.197275+00
11	auth	0009_alter_user_last_name_max_length	2026-04-30 18:15:44.203937+00
12	auth	0010_alter_group_name_max_length	2026-04-30 18:15:44.214275+00
13	auth	0011_update_proxy_permissions	2026-04-30 18:15:44.220823+00
14	auth	0012_alter_user_first_name_max_length	2026-04-30 18:15:44.227776+00
15	accounts	0001_initial	2026-04-30 18:15:44.321796+00
16	admin	0001_initial	2026-04-30 18:15:44.353994+00
17	admin	0002_logentry_remove_auto_add	2026-04-30 18:15:44.365535+00
18	admin	0003_logentry_add_action_flag_choices	2026-04-30 18:15:44.376828+00
19	sessions	0001_initial	2026-04-30 18:15:44.419601+00
20	tickets	0001_initial	2026-04-30 18:15:44.468573+00
21	tickets	0002_comentario	2026-05-04 12:07:22.063876+00
22	tickets	0003_anexo	2026-05-05 14:12:44.768475+00
23	tickets	0004_chamado_resolvido_em_chamado_resolvido_por_and_more	2026-05-05 16:06:28.987772+00
24	equipamentos	0001_initial	2026-05-06 13:20:14.316776+00
25	tickets	0005_chamado_equipamento	2026-05-06 15:11:02.756941+00
26	tickets	0006_alter_chamado_equipamento	2026-05-06 15:19:29.708331+00
27	accounts	0002_passwordresettoken	2026-05-07 15:12:37.785+00
28	notificacoes	0001_initial	2026-05-13 14:08:18.774571+00
29	tickets	0007_alter_chamado_solucao	2026-05-15 13:54:50.139255+00
\.


--
-- Data for Name: django_session; Type: TABLE DATA; Schema: public; Owner: admin
--

COPY public.django_session (session_key, session_data, expire_date) FROM stdin;
s2sdljq6hxptorln6n1hrvehrbwnme1r	.eJxVjE0OwiAYBe_C2hCgUMSl-56BfD8gVQNJaVfGu2uTLnT7Zua9RIRtLXHraYkzi4sw4vS7IdAj1R3wHeqtSWp1XWaUuyIP2uXUOD2vh_t3UKCXb-28I2DtKVvPQJw15sRECFYNNp-HkbNxo_KDR6NsQNJJaaeCB4dIQbw_FW84sg:1wIW1z:tVhdEvlK1WNaQlILHvcq-4j7J3_xbeS2BkPmOdUKw1U	2026-05-14 18:22:35.728477+00
\.


--
-- Data for Name: equipamentos_equipamento; Type: TABLE DATA; Schema: public; Owner: admin
--

COPY public.equipamentos_equipamento (id, patrimonio, tipo, cpu, memoria, placa_mae, espaco_hd, modelo, fabricante, numero_serie, observacoes, criado_em, atualizado_em, criado_por_id, responsavel_id) FROM stdin;
5	PAT-0005	DESKTOP	AMD	16	Asus	250				maquina cpd	2026-05-12 14:38:56.395356+00	2026-05-12 14:38:56.395375+00	7	\N
1	PAT-0001	DESKTOP	amd	16	gigabyte	250				Maquina te teste	2026-05-06 15:07:15.041882+00	2026-05-12 17:45:43.357169+00	2	6
3	PAT-0003	DESKTOP	i7	16	asus	250	intel				2026-05-06 18:27:57.232032+00	2026-05-12 17:46:02.224808+00	2	9
4	PAT-0004	DESKTOP	AMD RAZEN	4	BIOSTAR	250				MAQUINTA TESTE	2026-05-12 12:54:54.854158+00	2026-05-12 18:47:11.283503+00	2	4
6	PAT-0006	NOTEBOOK	i7	16	Dell	1024		Dell		Maquina emprestada	2026-05-12 18:48:05.526249+00	2026-05-12 18:48:05.526265+00	2	\N
\.


--
-- Data for Name: notificacoes_notificacao; Type: TABLE DATA; Schema: public; Owner: admin
--

COPY public.notificacoes_notificacao (id, tipo, titulo, mensagem, chamado_id, lida, criado_em, usuario_id) FROM stdin;
1	NOVO_CHAMADO	Teste de Notificação	Esta é uma notificação de teste	\N	f	2026-05-13 14:20:40.618601+00	2
\.


--
-- Data for Name: tickets_anexo; Type: TABLE DATA; Schema: public; Owner: admin
--

COPY public.tickets_anexo (id, arquivo, nome, criado_em, chamado_id, enviado_por_id) FROM stdin;
1	anexos/2026/05/15/Captura_de_tela_de_2026-05-15_11-39-20.png	Captura de tela de 2026-05-15 11-39-20.png	2026-05-15 18:25:35.647398+00	34	2
\.


--
-- Data for Name: tickets_chamado; Type: TABLE DATA; Schema: public; Owner: admin
--

COPY public.tickets_chamado (id, titulo, descricao, prioridade, status, criado_em, atualizado_em, solicitante_id, tecnico_id, resolvido_em, resolvido_por_id, solucao, equipamento_id) FROM stdin;
34	mouse	teste	MEDIA	ABERTO	2026-05-15 18:25:35.357245+00	2026-05-15 18:25:35.357261+00	2	\N	\N	\N	\N	1
3	maquina travando	Teclado travando	BAIXA	ABERTO	2026-05-04 13:26:12.279603+00	2026-05-04 13:26:12.279621+00	5	\N	\N	\N	\N	1
4	teclado	teclado ruim	MEDIA	ABERTO	2026-05-04 13:28:46.741085+00	2026-05-04 13:28:46.741105+00	4	\N	\N	\N	\N	1
5	teclado	teclado ruim	MEDIA	ABERTO	2026-05-04 13:28:52.836915+00	2026-05-04 13:28:52.836933+00	4	\N	\N	\N	\N	1
6	teclado	teclado ruim	MEDIA	ABERTO	2026-05-04 13:32:19.947225+00	2026-05-04 13:32:19.947246+00	4	\N	\N	\N	\N	1
7	teclado	ruim	MEDIA	ABERTO	2026-05-04 13:32:42.296341+00	2026-05-04 13:32:42.296359+00	4	\N	\N	\N	\N	1
8	maquina travando	travando	MEDIA	ABERTO	2026-05-04 13:39:46.583913+00	2026-05-04 13:39:46.583935+00	4	\N	\N	\N	\N	1
9	teclado	travando	MEDIA	ABERTO	2026-05-04 13:43:40.121199+00	2026-05-04 13:43:40.121228+00	4	\N	\N	\N	\N	1
10	teclado	travando	MEDIA	ABERTO	2026-05-04 15:07:33.370653+00	2026-05-04 15:07:33.370672+00	4	\N	\N	\N	\N	1
11	teste	teste	MEDIA	ABERTO	2026-05-04 15:30:35.641196+00	2026-05-04 15:30:35.64123+00	2	\N	\N	\N	\N	1
12	teclado	erro	MEDIA	ABERTO	2026-05-04 15:31:23.23416+00	2026-05-04 15:31:23.234181+00	4	\N	\N	\N	\N	1
13	Teste API	Testando direto	MEDIA	ABERTO	2026-05-04 17:00:03.342215+00	2026-05-04 17:00:03.342236+00	2	\N	\N	\N	\N	1
14	teclado	ruim	MEDIA	ABERTO	2026-05-04 17:16:09.654742+00	2026-05-04 17:16:09.654763+00	2	\N	\N	\N	\N	1
15	teste	teste	MEDIA	ABERTO	2026-05-04 17:18:19.433925+00	2026-05-04 17:18:19.433945+00	2	\N	\N	\N	\N	1
16	Teste Direct	Testando	MEDIA	ABERTO	2026-05-04 17:21:31.7451+00	2026-05-04 17:21:31.745119+00	2	\N	\N	\N	\N	1
17	mouse	ruim	MEDIA	ABERTO	2026-05-05 13:59:07.93014+00	2026-05-05 13:59:07.93016+00	2	\N	\N	\N	\N	1
18	mouse	ruim	BAIXA	ABERTO	2026-05-05 13:59:10.833917+00	2026-05-05 13:59:10.833936+00	2	\N	\N	\N	\N	1
19	mouse	ruim	ALTA	ABERTO	2026-05-05 13:59:18.884358+00	2026-05-05 13:59:18.884377+00	2	\N	\N	\N	\N	1
20	mouse	ruim	CRITICA	ABERTO	2026-05-05 13:59:22.690725+00	2026-05-05 13:59:22.690743+00	2	\N	\N	\N	\N	1
21	mouse	teclado	MEDIA	ABERTO	2026-05-05 14:11:10.754944+00	2026-05-05 14:11:10.754962+00	2	\N	\N	\N	\N	1
22	Mouse	teclado	MEDIA	ABERTO	2026-05-05 14:13:57.969621+00	2026-05-05 14:13:57.969641+00	2	\N	\N	\N	\N	1
23	mouse	defeituoso	MEDIA	ABERTO	2026-05-05 14:56:38.12033+00	2026-05-05 14:56:38.12035+00	6	\N	\N	\N	\N	1
1	maquina travando	teclado ruim	MEDIA	EM_ANDAMENTO	2026-05-04 11:34:46.078299+00	2026-05-05 16:02:38.226673+00	3	7	\N	\N	\N	1
2	maquina travando	Teclado travando	BAIXA	FECHADO	2026-05-04 13:25:55.510789+00	2026-05-05 16:07:55.836729+00	5	7	\N	\N	\N	1
25	teclado	ruim	MEDIA	ABERTO	2026-05-06 18:43:18.170594+00	2026-05-06 18:43:18.170614+00	2	\N	\N	\N	\N	1
24	monitor	PAROU DE FUNCIONAR	MEDIA	RESOLVIDO	2026-05-05 15:06:00.395242+00	2026-05-12 18:36:44.899648+00	6	\N	\N	\N	\N	1
26	teclado	parou	MEDIA	ABERTO	2026-05-12 19:32:05.353415+00	2026-05-12 19:32:05.353431+00	6	\N	\N	\N	\N	1
27	Teclado	Travando	MEDIA	ABERTO	2026-05-13 12:22:09.308944+00	2026-05-13 12:22:09.308961+00	6	\N	\N	\N	\N	1
28	teclado	parou	MEDIA	ABERTO	2026-05-13 14:11:27.70889+00	2026-05-13 14:11:27.708906+00	2	\N	\N	\N	\N	1
29	monitor	preto	MEDIA	ABERTO	2026-05-13 14:18:01.530845+00	2026-05-13 14:18:01.530861+00	6	\N	\N	\N	\N	1
30	mouse	travou	MEDIA	ABERTO	2026-05-15 13:27:13.996119+00	2026-05-15 13:27:13.996135+00	2	\N	\N	\N	\N	3
31	teclado	teste anexo	MEDIA	ABERTO	2026-05-15 14:39:09.160031+00	2026-05-15 14:39:09.160046+00	2	\N	\N	\N	\N	1
32	mouse	teste	MEDIA	ABERTO	2026-05-15 14:53:28.669687+00	2026-05-15 14:53:28.669703+00	2	\N	\N	\N	\N	1
33	teclado	parou	MEDIA	ABERTO	2026-05-15 15:08:44.435736+00	2026-05-15 15:08:44.435753+00	2	\N	\N	\N	\N	1
\.


--
-- Data for Name: tickets_comentario; Type: TABLE DATA; Schema: public; Owner: admin
--

COPY public.tickets_comentario (id, texto, criado_em, autor_id, chamado_id, is_sistema) FROM stdin;
1	resolvido	2026-05-05 16:02:51.385066+00	7	1	f
2	Chamado atribuído a Carlos por Carlos	2026-05-05 16:07:55.846251+00	7	2	t
3	resolvemos tudo	2026-05-05 16:07:58.970659+00	7	2	f
4	Chamado criado por admin	2026-05-06 18:43:18.200539+00	2	25	t
5	troca	2026-05-07 18:57:41.034521+00	7	24	f
6	teste	2026-05-07 18:57:49.181599+00	7	24	f
7	troca	2026-05-07 18:58:04.597412+00	7	24	f
8	teste pos	2026-05-07 18:58:32.558053+00	7	24	f
9	teste 11	2026-05-07 19:01:16.248721+00	6	24	f
10	teste	2026-05-11 18:18:48.363645+00	6	23	f
11	34r234	2026-05-11 18:25:31.826942+00	6	23	f
\.


--
-- Name: accounts_passwordresettoken_id_seq; Type: SEQUENCE SET; Schema: public; Owner: admin
--

SELECT pg_catalog.setval('public.accounts_passwordresettoken_id_seq', 20, true);


--
-- Name: accounts_user_groups_id_seq; Type: SEQUENCE SET; Schema: public; Owner: admin
--

SELECT pg_catalog.setval('public.accounts_user_groups_id_seq', 1, false);


--
-- Name: accounts_user_id_seq; Type: SEQUENCE SET; Schema: public; Owner: admin
--

SELECT pg_catalog.setval('public.accounts_user_id_seq', 10, true);


--
-- Name: accounts_user_user_permissions_id_seq; Type: SEQUENCE SET; Schema: public; Owner: admin
--

SELECT pg_catalog.setval('public.accounts_user_user_permissions_id_seq', 1, false);


--
-- Name: auth_group_id_seq; Type: SEQUENCE SET; Schema: public; Owner: admin
--

SELECT pg_catalog.setval('public.auth_group_id_seq', 1, false);


--
-- Name: auth_group_permissions_id_seq; Type: SEQUENCE SET; Schema: public; Owner: admin
--

SELECT pg_catalog.setval('public.auth_group_permissions_id_seq', 1, false);


--
-- Name: auth_permission_id_seq; Type: SEQUENCE SET; Schema: public; Owner: admin
--

SELECT pg_catalog.setval('public.auth_permission_id_seq', 48, true);


--
-- Name: django_admin_log_id_seq; Type: SEQUENCE SET; Schema: public; Owner: admin
--

SELECT pg_catalog.setval('public.django_admin_log_id_seq', 1, false);


--
-- Name: django_content_type_id_seq; Type: SEQUENCE SET; Schema: public; Owner: admin
--

SELECT pg_catalog.setval('public.django_content_type_id_seq', 12, true);


--
-- Name: django_migrations_id_seq; Type: SEQUENCE SET; Schema: public; Owner: admin
--

SELECT pg_catalog.setval('public.django_migrations_id_seq', 29, true);


--
-- Name: equipamentos_equipamento_id_seq; Type: SEQUENCE SET; Schema: public; Owner: admin
--

SELECT pg_catalog.setval('public.equipamentos_equipamento_id_seq', 6, true);


--
-- Name: notificacoes_notificacao_id_seq; Type: SEQUENCE SET; Schema: public; Owner: admin
--

SELECT pg_catalog.setval('public.notificacoes_notificacao_id_seq', 1, true);


--
-- Name: tickets_anexo_id_seq; Type: SEQUENCE SET; Schema: public; Owner: admin
--

SELECT pg_catalog.setval('public.tickets_anexo_id_seq', 1, true);


--
-- Name: tickets_chamado_id_seq; Type: SEQUENCE SET; Schema: public; Owner: admin
--

SELECT pg_catalog.setval('public.tickets_chamado_id_seq', 34, true);


--
-- Name: tickets_comentario_id_seq; Type: SEQUENCE SET; Schema: public; Owner: admin
--

SELECT pg_catalog.setval('public.tickets_comentario_id_seq', 11, true);


--
-- Name: accounts_passwordresettoken accounts_passwordresettoken_pkey; Type: CONSTRAINT; Schema: public; Owner: admin
--

ALTER TABLE ONLY public.accounts_passwordresettoken
    ADD CONSTRAINT accounts_passwordresettoken_pkey PRIMARY KEY (id);


--
-- Name: accounts_passwordresettoken accounts_passwordresettoken_token_key; Type: CONSTRAINT; Schema: public; Owner: admin
--

ALTER TABLE ONLY public.accounts_passwordresettoken
    ADD CONSTRAINT accounts_passwordresettoken_token_key UNIQUE (token);


--
-- Name: accounts_user_groups accounts_user_groups_pkey; Type: CONSTRAINT; Schema: public; Owner: admin
--

ALTER TABLE ONLY public.accounts_user_groups
    ADD CONSTRAINT accounts_user_groups_pkey PRIMARY KEY (id);


--
-- Name: accounts_user_groups accounts_user_groups_user_id_group_id_59c0b32f_uniq; Type: CONSTRAINT; Schema: public; Owner: admin
--

ALTER TABLE ONLY public.accounts_user_groups
    ADD CONSTRAINT accounts_user_groups_user_id_group_id_59c0b32f_uniq UNIQUE (user_id, group_id);


--
-- Name: accounts_user accounts_user_pkey; Type: CONSTRAINT; Schema: public; Owner: admin
--

ALTER TABLE ONLY public.accounts_user
    ADD CONSTRAINT accounts_user_pkey PRIMARY KEY (id);


--
-- Name: accounts_user_user_permissions accounts_user_user_permi_user_id_permission_id_2ab516c2_uniq; Type: CONSTRAINT; Schema: public; Owner: admin
--

ALTER TABLE ONLY public.accounts_user_user_permissions
    ADD CONSTRAINT accounts_user_user_permi_user_id_permission_id_2ab516c2_uniq UNIQUE (user_id, permission_id);


--
-- Name: accounts_user_user_permissions accounts_user_user_permissions_pkey; Type: CONSTRAINT; Schema: public; Owner: admin
--

ALTER TABLE ONLY public.accounts_user_user_permissions
    ADD CONSTRAINT accounts_user_user_permissions_pkey PRIMARY KEY (id);


--
-- Name: accounts_user accounts_user_username_key; Type: CONSTRAINT; Schema: public; Owner: admin
--

ALTER TABLE ONLY public.accounts_user
    ADD CONSTRAINT accounts_user_username_key UNIQUE (username);


--
-- Name: auth_group auth_group_name_key; Type: CONSTRAINT; Schema: public; Owner: admin
--

ALTER TABLE ONLY public.auth_group
    ADD CONSTRAINT auth_group_name_key UNIQUE (name);


--
-- Name: auth_group_permissions auth_group_permissions_group_id_permission_id_0cd325b0_uniq; Type: CONSTRAINT; Schema: public; Owner: admin
--

ALTER TABLE ONLY public.auth_group_permissions
    ADD CONSTRAINT auth_group_permissions_group_id_permission_id_0cd325b0_uniq UNIQUE (group_id, permission_id);


--
-- Name: auth_group_permissions auth_group_permissions_pkey; Type: CONSTRAINT; Schema: public; Owner: admin
--

ALTER TABLE ONLY public.auth_group_permissions
    ADD CONSTRAINT auth_group_permissions_pkey PRIMARY KEY (id);


--
-- Name: auth_group auth_group_pkey; Type: CONSTRAINT; Schema: public; Owner: admin
--

ALTER TABLE ONLY public.auth_group
    ADD CONSTRAINT auth_group_pkey PRIMARY KEY (id);


--
-- Name: auth_permission auth_permission_content_type_id_codename_01ab375a_uniq; Type: CONSTRAINT; Schema: public; Owner: admin
--

ALTER TABLE ONLY public.auth_permission
    ADD CONSTRAINT auth_permission_content_type_id_codename_01ab375a_uniq UNIQUE (content_type_id, codename);


--
-- Name: auth_permission auth_permission_pkey; Type: CONSTRAINT; Schema: public; Owner: admin
--

ALTER TABLE ONLY public.auth_permission
    ADD CONSTRAINT auth_permission_pkey PRIMARY KEY (id);


--
-- Name: django_admin_log django_admin_log_pkey; Type: CONSTRAINT; Schema: public; Owner: admin
--

ALTER TABLE ONLY public.django_admin_log
    ADD CONSTRAINT django_admin_log_pkey PRIMARY KEY (id);


--
-- Name: django_content_type django_content_type_app_label_model_76bd3d3b_uniq; Type: CONSTRAINT; Schema: public; Owner: admin
--

ALTER TABLE ONLY public.django_content_type
    ADD CONSTRAINT django_content_type_app_label_model_76bd3d3b_uniq UNIQUE (app_label, model);


--
-- Name: django_content_type django_content_type_pkey; Type: CONSTRAINT; Schema: public; Owner: admin
--

ALTER TABLE ONLY public.django_content_type
    ADD CONSTRAINT django_content_type_pkey PRIMARY KEY (id);


--
-- Name: django_migrations django_migrations_pkey; Type: CONSTRAINT; Schema: public; Owner: admin
--

ALTER TABLE ONLY public.django_migrations
    ADD CONSTRAINT django_migrations_pkey PRIMARY KEY (id);


--
-- Name: django_session django_session_pkey; Type: CONSTRAINT; Schema: public; Owner: admin
--

ALTER TABLE ONLY public.django_session
    ADD CONSTRAINT django_session_pkey PRIMARY KEY (session_key);


--
-- Name: equipamentos_equipamento equipamentos_equipamento_patrimonio_key; Type: CONSTRAINT; Schema: public; Owner: admin
--

ALTER TABLE ONLY public.equipamentos_equipamento
    ADD CONSTRAINT equipamentos_equipamento_patrimonio_key UNIQUE (patrimonio);


--
-- Name: equipamentos_equipamento equipamentos_equipamento_pkey; Type: CONSTRAINT; Schema: public; Owner: admin
--

ALTER TABLE ONLY public.equipamentos_equipamento
    ADD CONSTRAINT equipamentos_equipamento_pkey PRIMARY KEY (id);


--
-- Name: notificacoes_notificacao notificacoes_notificacao_pkey; Type: CONSTRAINT; Schema: public; Owner: admin
--

ALTER TABLE ONLY public.notificacoes_notificacao
    ADD CONSTRAINT notificacoes_notificacao_pkey PRIMARY KEY (id);


--
-- Name: tickets_anexo tickets_anexo_pkey; Type: CONSTRAINT; Schema: public; Owner: admin
--

ALTER TABLE ONLY public.tickets_anexo
    ADD CONSTRAINT tickets_anexo_pkey PRIMARY KEY (id);


--
-- Name: tickets_chamado tickets_chamado_pkey; Type: CONSTRAINT; Schema: public; Owner: admin
--

ALTER TABLE ONLY public.tickets_chamado
    ADD CONSTRAINT tickets_chamado_pkey PRIMARY KEY (id);


--
-- Name: tickets_comentario tickets_comentario_pkey; Type: CONSTRAINT; Schema: public; Owner: admin
--

ALTER TABLE ONLY public.tickets_comentario
    ADD CONSTRAINT tickets_comentario_pkey PRIMARY KEY (id);


--
-- Name: accounts_passwordresettoken_token_f38bb86f_like; Type: INDEX; Schema: public; Owner: admin
--

CREATE INDEX accounts_passwordresettoken_token_f38bb86f_like ON public.accounts_passwordresettoken USING btree (token varchar_pattern_ops);


--
-- Name: accounts_passwordresettoken_user_id_2789bc5c; Type: INDEX; Schema: public; Owner: admin
--

CREATE INDEX accounts_passwordresettoken_user_id_2789bc5c ON public.accounts_passwordresettoken USING btree (user_id);


--
-- Name: accounts_user_groups_group_id_bd11a704; Type: INDEX; Schema: public; Owner: admin
--

CREATE INDEX accounts_user_groups_group_id_bd11a704 ON public.accounts_user_groups USING btree (group_id);


--
-- Name: accounts_user_groups_user_id_52b62117; Type: INDEX; Schema: public; Owner: admin
--

CREATE INDEX accounts_user_groups_user_id_52b62117 ON public.accounts_user_groups USING btree (user_id);


--
-- Name: accounts_user_user_permissions_permission_id_113bb443; Type: INDEX; Schema: public; Owner: admin
--

CREATE INDEX accounts_user_user_permissions_permission_id_113bb443 ON public.accounts_user_user_permissions USING btree (permission_id);


--
-- Name: accounts_user_user_permissions_user_id_e4f0a161; Type: INDEX; Schema: public; Owner: admin
--

CREATE INDEX accounts_user_user_permissions_user_id_e4f0a161 ON public.accounts_user_user_permissions USING btree (user_id);


--
-- Name: accounts_user_username_6088629e_like; Type: INDEX; Schema: public; Owner: admin
--

CREATE INDEX accounts_user_username_6088629e_like ON public.accounts_user USING btree (username varchar_pattern_ops);


--
-- Name: auth_group_name_a6ea08ec_like; Type: INDEX; Schema: public; Owner: admin
--

CREATE INDEX auth_group_name_a6ea08ec_like ON public.auth_group USING btree (name varchar_pattern_ops);


--
-- Name: auth_group_permissions_group_id_b120cbf9; Type: INDEX; Schema: public; Owner: admin
--

CREATE INDEX auth_group_permissions_group_id_b120cbf9 ON public.auth_group_permissions USING btree (group_id);


--
-- Name: auth_group_permissions_permission_id_84c5c92e; Type: INDEX; Schema: public; Owner: admin
--

CREATE INDEX auth_group_permissions_permission_id_84c5c92e ON public.auth_group_permissions USING btree (permission_id);


--
-- Name: auth_permission_content_type_id_2f476e4b; Type: INDEX; Schema: public; Owner: admin
--

CREATE INDEX auth_permission_content_type_id_2f476e4b ON public.auth_permission USING btree (content_type_id);


--
-- Name: django_admin_log_content_type_id_c4bce8eb; Type: INDEX; Schema: public; Owner: admin
--

CREATE INDEX django_admin_log_content_type_id_c4bce8eb ON public.django_admin_log USING btree (content_type_id);


--
-- Name: django_admin_log_user_id_c564eba6; Type: INDEX; Schema: public; Owner: admin
--

CREATE INDEX django_admin_log_user_id_c564eba6 ON public.django_admin_log USING btree (user_id);


--
-- Name: django_session_expire_date_a5c62663; Type: INDEX; Schema: public; Owner: admin
--

CREATE INDEX django_session_expire_date_a5c62663 ON public.django_session USING btree (expire_date);


--
-- Name: django_session_session_key_c0390e0f_like; Type: INDEX; Schema: public; Owner: admin
--

CREATE INDEX django_session_session_key_c0390e0f_like ON public.django_session USING btree (session_key varchar_pattern_ops);


--
-- Name: equipamentos_equipamento_criado_por_id_528faae0; Type: INDEX; Schema: public; Owner: admin
--

CREATE INDEX equipamentos_equipamento_criado_por_id_528faae0 ON public.equipamentos_equipamento USING btree (criado_por_id);


--
-- Name: equipamentos_equipamento_patrimonio_c945c38b_like; Type: INDEX; Schema: public; Owner: admin
--

CREATE INDEX equipamentos_equipamento_patrimonio_c945c38b_like ON public.equipamentos_equipamento USING btree (patrimonio varchar_pattern_ops);


--
-- Name: equipamentos_equipamento_responsavel_id_cbdf445e; Type: INDEX; Schema: public; Owner: admin
--

CREATE INDEX equipamentos_equipamento_responsavel_id_cbdf445e ON public.equipamentos_equipamento USING btree (responsavel_id);


--
-- Name: notificacoes_notificacao_usuario_id_808d460a; Type: INDEX; Schema: public; Owner: admin
--

CREATE INDEX notificacoes_notificacao_usuario_id_808d460a ON public.notificacoes_notificacao USING btree (usuario_id);


--
-- Name: tickets_anexo_chamado_id_bada4584; Type: INDEX; Schema: public; Owner: admin
--

CREATE INDEX tickets_anexo_chamado_id_bada4584 ON public.tickets_anexo USING btree (chamado_id);


--
-- Name: tickets_anexo_enviado_por_id_205c1567; Type: INDEX; Schema: public; Owner: admin
--

CREATE INDEX tickets_anexo_enviado_por_id_205c1567 ON public.tickets_anexo USING btree (enviado_por_id);


--
-- Name: tickets_chamado_equipamento_id_06705adb; Type: INDEX; Schema: public; Owner: admin
--

CREATE INDEX tickets_chamado_equipamento_id_06705adb ON public.tickets_chamado USING btree (equipamento_id);


--
-- Name: tickets_chamado_resolvido_por_id_1097f747; Type: INDEX; Schema: public; Owner: admin
--

CREATE INDEX tickets_chamado_resolvido_por_id_1097f747 ON public.tickets_chamado USING btree (resolvido_por_id);


--
-- Name: tickets_chamado_solicitante_id_5086d516; Type: INDEX; Schema: public; Owner: admin
--

CREATE INDEX tickets_chamado_solicitante_id_5086d516 ON public.tickets_chamado USING btree (solicitante_id);


--
-- Name: tickets_chamado_tecnico_id_30ca2b38; Type: INDEX; Schema: public; Owner: admin
--

CREATE INDEX tickets_chamado_tecnico_id_30ca2b38 ON public.tickets_chamado USING btree (tecnico_id);


--
-- Name: tickets_comentario_autor_id_dd6efc46; Type: INDEX; Schema: public; Owner: admin
--

CREATE INDEX tickets_comentario_autor_id_dd6efc46 ON public.tickets_comentario USING btree (autor_id);


--
-- Name: tickets_comentario_chamado_id_1b99d086; Type: INDEX; Schema: public; Owner: admin
--

CREATE INDEX tickets_comentario_chamado_id_1b99d086 ON public.tickets_comentario USING btree (chamado_id);


--
-- Name: accounts_passwordresettoken accounts_passwordres_user_id_2789bc5c_fk_accounts_; Type: FK CONSTRAINT; Schema: public; Owner: admin
--

ALTER TABLE ONLY public.accounts_passwordresettoken
    ADD CONSTRAINT accounts_passwordres_user_id_2789bc5c_fk_accounts_ FOREIGN KEY (user_id) REFERENCES public.accounts_user(id) DEFERRABLE INITIALLY DEFERRED;


--
-- Name: accounts_user_groups accounts_user_groups_group_id_bd11a704_fk_auth_group_id; Type: FK CONSTRAINT; Schema: public; Owner: admin
--

ALTER TABLE ONLY public.accounts_user_groups
    ADD CONSTRAINT accounts_user_groups_group_id_bd11a704_fk_auth_group_id FOREIGN KEY (group_id) REFERENCES public.auth_group(id) DEFERRABLE INITIALLY DEFERRED;


--
-- Name: accounts_user_groups accounts_user_groups_user_id_52b62117_fk_accounts_user_id; Type: FK CONSTRAINT; Schema: public; Owner: admin
--

ALTER TABLE ONLY public.accounts_user_groups
    ADD CONSTRAINT accounts_user_groups_user_id_52b62117_fk_accounts_user_id FOREIGN KEY (user_id) REFERENCES public.accounts_user(id) DEFERRABLE INITIALLY DEFERRED;


--
-- Name: accounts_user_user_permissions accounts_user_user_p_permission_id_113bb443_fk_auth_perm; Type: FK CONSTRAINT; Schema: public; Owner: admin
--

ALTER TABLE ONLY public.accounts_user_user_permissions
    ADD CONSTRAINT accounts_user_user_p_permission_id_113bb443_fk_auth_perm FOREIGN KEY (permission_id) REFERENCES public.auth_permission(id) DEFERRABLE INITIALLY DEFERRED;


--
-- Name: accounts_user_user_permissions accounts_user_user_p_user_id_e4f0a161_fk_accounts_; Type: FK CONSTRAINT; Schema: public; Owner: admin
--

ALTER TABLE ONLY public.accounts_user_user_permissions
    ADD CONSTRAINT accounts_user_user_p_user_id_e4f0a161_fk_accounts_ FOREIGN KEY (user_id) REFERENCES public.accounts_user(id) DEFERRABLE INITIALLY DEFERRED;


--
-- Name: auth_group_permissions auth_group_permissio_permission_id_84c5c92e_fk_auth_perm; Type: FK CONSTRAINT; Schema: public; Owner: admin
--

ALTER TABLE ONLY public.auth_group_permissions
    ADD CONSTRAINT auth_group_permissio_permission_id_84c5c92e_fk_auth_perm FOREIGN KEY (permission_id) REFERENCES public.auth_permission(id) DEFERRABLE INITIALLY DEFERRED;


--
-- Name: auth_group_permissions auth_group_permissions_group_id_b120cbf9_fk_auth_group_id; Type: FK CONSTRAINT; Schema: public; Owner: admin
--

ALTER TABLE ONLY public.auth_group_permissions
    ADD CONSTRAINT auth_group_permissions_group_id_b120cbf9_fk_auth_group_id FOREIGN KEY (group_id) REFERENCES public.auth_group(id) DEFERRABLE INITIALLY DEFERRED;


--
-- Name: auth_permission auth_permission_content_type_id_2f476e4b_fk_django_co; Type: FK CONSTRAINT; Schema: public; Owner: admin
--

ALTER TABLE ONLY public.auth_permission
    ADD CONSTRAINT auth_permission_content_type_id_2f476e4b_fk_django_co FOREIGN KEY (content_type_id) REFERENCES public.django_content_type(id) DEFERRABLE INITIALLY DEFERRED;


--
-- Name: django_admin_log django_admin_log_content_type_id_c4bce8eb_fk_django_co; Type: FK CONSTRAINT; Schema: public; Owner: admin
--

ALTER TABLE ONLY public.django_admin_log
    ADD CONSTRAINT django_admin_log_content_type_id_c4bce8eb_fk_django_co FOREIGN KEY (content_type_id) REFERENCES public.django_content_type(id) DEFERRABLE INITIALLY DEFERRED;


--
-- Name: django_admin_log django_admin_log_user_id_c564eba6_fk_accounts_user_id; Type: FK CONSTRAINT; Schema: public; Owner: admin
--

ALTER TABLE ONLY public.django_admin_log
    ADD CONSTRAINT django_admin_log_user_id_c564eba6_fk_accounts_user_id FOREIGN KEY (user_id) REFERENCES public.accounts_user(id) DEFERRABLE INITIALLY DEFERRED;


--
-- Name: equipamentos_equipamento equipamentos_equipam_criado_por_id_528faae0_fk_accounts_; Type: FK CONSTRAINT; Schema: public; Owner: admin
--

ALTER TABLE ONLY public.equipamentos_equipamento
    ADD CONSTRAINT equipamentos_equipam_criado_por_id_528faae0_fk_accounts_ FOREIGN KEY (criado_por_id) REFERENCES public.accounts_user(id) DEFERRABLE INITIALLY DEFERRED;


--
-- Name: equipamentos_equipamento equipamentos_equipam_responsavel_id_cbdf445e_fk_accounts_; Type: FK CONSTRAINT; Schema: public; Owner: admin
--

ALTER TABLE ONLY public.equipamentos_equipamento
    ADD CONSTRAINT equipamentos_equipam_responsavel_id_cbdf445e_fk_accounts_ FOREIGN KEY (responsavel_id) REFERENCES public.accounts_user(id) DEFERRABLE INITIALLY DEFERRED;


--
-- Name: notificacoes_notificacao notificacoes_notific_usuario_id_808d460a_fk_accounts_; Type: FK CONSTRAINT; Schema: public; Owner: admin
--

ALTER TABLE ONLY public.notificacoes_notificacao
    ADD CONSTRAINT notificacoes_notific_usuario_id_808d460a_fk_accounts_ FOREIGN KEY (usuario_id) REFERENCES public.accounts_user(id) DEFERRABLE INITIALLY DEFERRED;


--
-- Name: tickets_anexo tickets_anexo_chamado_id_bada4584_fk_tickets_chamado_id; Type: FK CONSTRAINT; Schema: public; Owner: admin
--

ALTER TABLE ONLY public.tickets_anexo
    ADD CONSTRAINT tickets_anexo_chamado_id_bada4584_fk_tickets_chamado_id FOREIGN KEY (chamado_id) REFERENCES public.tickets_chamado(id) DEFERRABLE INITIALLY DEFERRED;


--
-- Name: tickets_anexo tickets_anexo_enviado_por_id_205c1567_fk_accounts_user_id; Type: FK CONSTRAINT; Schema: public; Owner: admin
--

ALTER TABLE ONLY public.tickets_anexo
    ADD CONSTRAINT tickets_anexo_enviado_por_id_205c1567_fk_accounts_user_id FOREIGN KEY (enviado_por_id) REFERENCES public.accounts_user(id) DEFERRABLE INITIALLY DEFERRED;


--
-- Name: tickets_chamado tickets_chamado_equipamento_id_06705adb_fk_equipamen; Type: FK CONSTRAINT; Schema: public; Owner: admin
--

ALTER TABLE ONLY public.tickets_chamado
    ADD CONSTRAINT tickets_chamado_equipamento_id_06705adb_fk_equipamen FOREIGN KEY (equipamento_id) REFERENCES public.equipamentos_equipamento(id) DEFERRABLE INITIALLY DEFERRED;


--
-- Name: tickets_chamado tickets_chamado_resolvido_por_id_1097f747_fk_accounts_user_id; Type: FK CONSTRAINT; Schema: public; Owner: admin
--

ALTER TABLE ONLY public.tickets_chamado
    ADD CONSTRAINT tickets_chamado_resolvido_por_id_1097f747_fk_accounts_user_id FOREIGN KEY (resolvido_por_id) REFERENCES public.accounts_user(id) DEFERRABLE INITIALLY DEFERRED;


--
-- Name: tickets_chamado tickets_chamado_solicitante_id_5086d516_fk_accounts_user_id; Type: FK CONSTRAINT; Schema: public; Owner: admin
--

ALTER TABLE ONLY public.tickets_chamado
    ADD CONSTRAINT tickets_chamado_solicitante_id_5086d516_fk_accounts_user_id FOREIGN KEY (solicitante_id) REFERENCES public.accounts_user(id) DEFERRABLE INITIALLY DEFERRED;


--
-- Name: tickets_chamado tickets_chamado_tecnico_id_30ca2b38_fk_accounts_user_id; Type: FK CONSTRAINT; Schema: public; Owner: admin
--

ALTER TABLE ONLY public.tickets_chamado
    ADD CONSTRAINT tickets_chamado_tecnico_id_30ca2b38_fk_accounts_user_id FOREIGN KEY (tecnico_id) REFERENCES public.accounts_user(id) DEFERRABLE INITIALLY DEFERRED;


--
-- Name: tickets_comentario tickets_comentario_autor_id_dd6efc46_fk_accounts_user_id; Type: FK CONSTRAINT; Schema: public; Owner: admin
--

ALTER TABLE ONLY public.tickets_comentario
    ADD CONSTRAINT tickets_comentario_autor_id_dd6efc46_fk_accounts_user_id FOREIGN KEY (autor_id) REFERENCES public.accounts_user(id) DEFERRABLE INITIALLY DEFERRED;


--
-- Name: tickets_comentario tickets_comentario_chamado_id_1b99d086_fk_tickets_chamado_id; Type: FK CONSTRAINT; Schema: public; Owner: admin
--

ALTER TABLE ONLY public.tickets_comentario
    ADD CONSTRAINT tickets_comentario_chamado_id_1b99d086_fk_tickets_chamado_id FOREIGN KEY (chamado_id) REFERENCES public.tickets_chamado(id) DEFERRABLE INITIALLY DEFERRED;


--
-- PostgreSQL database dump complete
--

\unrestrict jTUaPAdsuWutGMG38AFs3a7tgs0i1vyxPLHP3zoqY1KAAC3yeAOP8zwUNr5t0em

